product,nutrient,actual,lower,upper
DE01,NU01,13.18687733234453,12.33,15.07
DE01,NU02,2.796389073195143,2.682,3.278
DE01,NU03,12.305710338505577,10.89,13.31
DE01,NU04,0.77,0.63,0.77
DE01,NU05,0.823097518821148,0.72,0.88
DE01,NU06,60.306061989960604,56.7,69.3
DE01,NU07,0.2529968907930944,0.207,0.253
DE01,NU08,0.3859508673404978,0.324,0.396
DE02,NU01,14.13,14.13,17.27
DE02,NU02,3.071846167686179,2.772,3.388
DE02,NU03,10.931246145294054,10.53,12.87
DE02,NU04,0.77,0.63,0.77
DE02,NU05,0.8898367298620607,0.81,0.99
DE02,NU06,64.03727285631295,57.51,70.29
DE02,NU07,0.27,0.27,0.33
DE02,NU08,0.4043109213566346,0.351,0.429
DE03,NU01,15.93,15.93,19.47
DE03,NU02,3.2699590036138466,2.799,3.421
DE03,NU03,9.27,9.27,11.33
DE03,NU04,0.81,0.81,0.99
DE03,NU05,0.944515121311113,0.81,0.99
DE03,NU06,67.85823239300981,59.4,72.6
DE03,NU07,0.315,0.315,0.385
DE03,NU08,0.4317919135306236,0.36,0.44
DE04,NU01,17.73,17.73,21.67
DE04,NU02,2.931033657192332,2.646,3.234
DE04,NU03,9.18,9.18,11.22
DE04,NU04,1.023574582827213,0.9,1.1
DE04,NU05,0.8800000000000001,0.72,0.88
DE04,NU06,66.26547771897823,59.4,72.6
DE04,NU07,0.32400000000000007,0.324,0.396
DE04,NU08,0.42107026193091096,0.351,0.429
DE05,NU01,14.539647868888489,13.77,16.83
DE05,NU02,4.086,4.086,4.994
DE05,NU03,8.683702014503671,7.92,9.68
DE05,NU04,0.66,0.54,0.66
DE05,NU05,0.9261066401648294,0.81,0.99
DE05,NU06,68.16976526058339,63.9,78.1
DE05,NU07,0.26399999999999996,0.216,0.264
DE05,NU08,0.4149367185221415,0.351,0.429
DE06,NU01,14.58,14.58,17.82
DE06,NU02,3.6809999999999996,3.681,4.499
DE06,NU03,9.46,7.74,9.46
DE06,NU04,0.7184510095014968,0.63,0.77
DE06,NU05,0.88,0.72,0.88
DE06,NU06,66.91748186203714,63.9,78.1
DE06,NU07,0.261,0.261,0.319
DE06,NU08,0.396,0.324,0.396
DE07,NU01,14.77603827939413,14.58,17.82
DE07,NU02,3.8160000000000003,3.816,4.664
DE07,NU03,9.01975913369788,7.56,9.24
DE07,NU04,0.66,0.54,0.66
DE07,NU05,0.9398861249961922,0.81,0.99
DE07,NU06,68.17355409336257,63.9,78.1
DE07,NU07,0.25665558400474736,0.225,0.275
DE07,NU08,0.4094543925055928,0.351,0.429
DE08,NU01,16.38,16.38,20.02
DE08,NU02,3.528,3.528,4.312
DE08,NU03,8.686153823669438,7.11,8.69
DE08,NU04,0.8207982340934715,0.72,0.88
DE08,NU05,0.8800000000000001,0.72,0.88
DE08,NU06,68.84677917925292,63.9,78.1
DE08,NU07,0.30600000000000005,0.306,0.374
DE08,NU08,0.407,0.333,0.407
DE09,NU01,16.2,16.2,19.8
DE09,NU02,2.675860180409537,2.664,3.256
DE09,NU03,7.7,6.3,7.7
DE09,NU04,0.88,0.72,0.88
DE09,NU05,0.7699999999999999,0.63,0.77
DE09,NU06,68.3731263653469,63.9,78.1
DE09,NU07,0.2879999999999999,0.288,0.352
DE09,NU08,0.3698459467838457,0.306,0.374
DE10,NU01,16.019999999999996,16.02,19.58
DE10,NU02,3.6629999999999994,3.663,4.477
DE10,NU03,8.799999999999999,7.2,8.8
DE10,NU04,0.88,0.72,0.88
DE10,NU05,0.8799999999999999,0.72,0.88
DE10,NU06,66.74506139823959,63.9,78.1
DE10,NU07,0.2747039553807803,0.234,0.286
DE10,NU08,0.4079253515216896,0.342,0.418
DE11,NU01,18.09,18.09,22.11
DE11,NU02,3.7109492258879104,3.582,4.378
DE11,NU03,7.110000000000001,7.11,8.69
DE11,NU04,0.8100000000000002,0.81,0.99
DE11,NU05,0.7200000000000001,0.72,0.88
DE11,NU06,73.03030694296434,64.26,78.54
DE11,NU07,0.27576185666973113,0.252,0.308
DE11,NU08,0.342,0.342,0.418
DE12,NU01,18.0,18.0,22.0
DE12,NU02,2.6210096203183064,2.556,3.124
DE12,NU03,6.929999999999999,5.67,6.93
DE12,NU04,0.9899999999999999,0.81,0.99
DE12,NU05,0.7700000000000001,0.63,0.77
DE12,NU06,69.537875347856,64.8,79.2
DE12,NU07,0.26784587838907425,0.252,0.308
DE12,NU08,0.3559581560646991,0.297,0.363
DE13,NU01,18.09,18.09,22.11
DE13,NU02,3.609,3.609,4.411
DE13,NU03,8.69,7.11,8.69
DE13,NU04,0.9899999999999999,0.81,0.99
DE13,NU05,0.8799999999999999,0.72,0.88
DE13,NU06,68.30458423194223,64.35,78.65
DE13,NU07,0.26986089117322337,0.252,0.308
DE13,NU08,0.39109883133096157,0.342,0.418
DE14,NU01,19.62,19.62,23.98
DE14,NU02,3.438000000000001,3.438,4.202
DE14,NU03,8.112698186548492,6.75,8.25
DE14,NU04,1.1000000000000003,0.9,1.1
DE14,NU05,0.88,0.72,0.88
DE14,NU06,69.12796135227538,64.44,78.76
DE14,NU07,0.2765206638459009,0.261,0.319
DE14,NU08,0.39001596552336426,0.333,0.407
DE15,NU01,21.42,21.42,26.18
DE15,NU02,3.402,3.402,4.158
DE15,NU03,7.238914075936076,7.11,8.69
DE15,NU04,0.9,0.9,1.1
DE15,NU05,0.7346437737238707,0.72,0.88
DE15,NU06,72.82297033644603,64.08,78.32
DE15,NU07,0.407,0.333,0.407
DE15,NU08,0.35100000000000003,0.351,0.429
DE16,NU01,17.30453514828305,14.4,17.6
DE16,NU02,4.716,4.716,5.764
DE16,NU03,6.216249204190047,5.13,6.27
DE16,NU04,0.9000000000000001,0.9,1.1
DE16,NU05,0.6441720175127938,0.54,0.66
DE16,NU06,74.76307311245904,67.5,82.5
DE16,NU07,0.242,0.198,0.242
DE16,NU08,0.31500000000000006,0.315,0.385
DE17,NU01,14.399999999999999,14.4,17.6
DE17,NU02,4.6889999999999965,4.689,5.731
DE17,NU03,7.697933474778407,6.3,7.7
DE17,NU04,0.77,0.63,0.77
DE17,NU05,0.77,0.63,0.77
DE17,NU06,69.36911150079224,67.5,82.5
DE17,NU07,0.26399999999999996,0.216,0.264
DE17,NU08,0.37291812858390533,0.306,0.374
DE18,NU01,16.200000000000003,16.2,19.8
DE18,NU02,4.904999999999999,4.905,5.995
DE18,NU03,6.379999999999998,5.22,6.38
DE18,NU04,1.0999999999999999,0.9,1.1
DE18,NU05,0.6599999999999999,0.54,0.66
DE18,NU06,73.48018563328101,67.5,82.5
DE18,NU07,0.242,0.198,0.242
DE18,NU08,0.31246991004832736,0.27,0.33
DE19,NU01,16.2,16.2,19.8
DE19,NU02,4.788,4.788,5.852
DE19,NU03,7.48,6.12,7.48
DE19,NU04,1.1,0.9,1.1
DE19,NU05,0.77,0.63,0.77
DE19,NU06,69.22639195303802,67.5,82.5
DE19,NU07,0.27499999999999997,0.225,0.275
DE19,NU08,0.38038577494710685,0.315,0.385
DE20,NU01,16.02,16.02,19.58
DE20,NU02,4.752000000000001,4.752,5.808
DE20,NU03,6.93,5.67,6.93
DE20,NU04,0.8999999999999999,0.9,1.1
DE20,NU05,0.7330632424477899,0.63,0.77
DE20,NU06,72.23971363841679,67.5,82.5
DE20,NU07,0.2520026407738985,0.225,0.275
DE20,NU08,0.341,0.279,0.341
DE21,NU01,18.0,18.0,22.0
DE21,NU02,4.491,4.491,5.489
DE21,NU03,5.4,5.4,6.6
DE21,NU04,0.8999999999999999,0.9,1.1
DE21,NU05,0.5901920746123486,0.54,0.66
DE21,NU06,76.22134639775045,67.5,82.5
DE21,NU07,0.252,0.252,0.308
DE21,NU08,0.3042317250917928,0.288,0.352
DE22,NU01,17.999999999999996,18.0,22.0
DE22,NU02,4.752,4.752,5.808
DE22,NU03,7.4799999999999995,6.12,7.48
DE22,NU04,1.0999999999999999,0.9,1.1
DE22,NU05,0.7700000000000001,0.63,0.77
DE22,NU06,68.89721042574266,67.5,82.5
DE22,NU07,0.29091859149209537,0.252,0.308
DE22,NU08,0.38499999999999995,0.315,0.385
DE23,NU01,19.800000000000004,19.8,24.2
DE23,NU02,4.545,4.545,5.555
DE23,NU03,5.838936363064644,5.49,6.71
DE23,NU04,1.08,1.08,1.32
DE23,NU05,0.6300000000000001,0.63,0.77
DE23,NU06,76.00905501688796,67.5,82.5
DE23,NU07,0.252,0.252,0.308
DE23,NU08,0.30757651664561936,0.306,0.374
DE24,NU01,21.6,21.6,26.4
DE24,NU02,4.752000000000001,4.752,5.808
DE24,NU03,7.149999999999996,5.85,7.15
DE24,NU04,1.4300000000000002,1.17,1.43
DE24,NU05,0.7700000000000001,0.63,0.77
DE24,NU06,70.4100818187963,67.5,82.5
DE24,NU07,0.29636511871322,0.261,0.319
DE24,NU08,0.37399999999999994,0.306,0.374
DE25,NU01,21.330000000000002,21.33,26.07
DE25,NU02,4.743000000000008,4.743,5.797
DE25,NU03,7.142326520405585,5.85,7.15
DE25,NU04,1.32,1.08,1.32
DE25,NU05,0.7699999999999999,0.63,0.77
DE25,NU06,71.32475966412782,67.5,82.5
DE25,NU07,0.28689420119052733,0.261,0.319
DE25,NU08,0.3630000000000004,0.297,0.363
