stage,target,source,fraction
pool,MI01,RM01,5.985059916775993e-09
pool,MI01,RM02,4.309278659604581e-09
pool,MI01,RM03,3.998294725987294e-09
pool,MI01,RM04,3.91818754825528e-09
pool,MI01,RM05,2.361470951904449e-09
pool,MI01,RM06,0.01603281922732338
pool,MI01,RM07,3.479495470615126e-09
pool,MI01,RM08,0.9700809077734193
pool,MI01,RM09,2.732481160897443e-09
pool,MI01,RM10,1.511453504651698e-08
pool,MI01,RM11,0.01388625833235888
pool,MI01,RM12,3.676067619459457e-08
pool,MI01,RM13,3.675956523833515e-08
pool,MI01,RM14,3.605333405267014e-09
pool,MI01,RM15,1.106529218359895e-08
pool,MI01,RM16,9.833983391290336e-09
pool,MI01,RM17,0
pool,MI01,RM18,0
pool,MI01,RM19,0
pool,MI01,RM20,0
pool,MI01,RM21,0
pool,MI01,RM22,0
pool,MI01,RM23,0
pool,MI01,RM24,0
pool,MI01,RM25,0
pool,MI01,RM26,0
pool,MI01,RM27,0
pool,MI01,RM28,0
pool,MI01,RM29,0
pool,MI01,RM30,0
pool,MI01,RM31,0
pool,MI01,RM32,0
pool,MI02,RM01,3.090894401441114e-09
pool,MI02,RM02,1.720527658973418e-09
pool,MI02,RM03,2.177312055802577e-09
pool,MI02,RM04,1.486802373347711e-09
pool,MI02,RM05,1.144176119794911e-09
pool,MI02,RM06,4.955851118205572e-09
pool,MI02,RM07,2.053042130348802e-09
pool,MI02,RM08,0.6368038070072147
pool,MI02,RM09,1.270582707151683e-09
pool,MI02,RM10,0.2807241808550907
pool,MI02,RM11,0.03149775344012574
pool,MI02,RM12,1.544030812886485e-08
pool,MI02,RM13,1.54403088916963e-08
pool,MI02,RM14,1.137760323284042e-09
pool,MI02,RM15,0.05097425751201425
pool,MI02,RM16,3.770370756597981e-09
pool,MI02,RM17,0
pool,MI02,RM18,0
pool,MI02,RM19,0
pool,MI02,RM20,0
pool,MI02,RM21,0
pool,MI02,RM22,0
pool,MI02,RM23,0
pool,MI02,RM24,0
pool,MI02,RM25,0
pool,MI02,RM26,0
pool,MI02,RM27,0
pool,MI02,RM28,0
pool,MI02,RM29,0
pool,MI02,RM30,0
pool,MI02,RM31,0
pool,MI02,RM32,0
pool,MI03,RM01,0.3678906373610603
pool,MI03,RM02,1.564234133141699e-09
pool,MI03,RM03,1.718143215968748e-09
pool,MI03,RM04,1.4061902780032e-09
pool,MI03,RM05,9.549201129336264e-10
pool,MI03,RM06,3.801171486437251e-09
pool,MI03,RM07,1.54423171031205e-09
pool,MI03,RM08,0.5539675466995677
pool,MI03,RM09,1.006587701216156e-09
pool,MI03,RM10,5.566187024272064e-09
pool,MI03,RM11,0.01359834576865003
pool,MI03,RM12,1.353672415795103e-08
pool,MI03,RM13,1.353476935055922e-08
pool,MI03,RM14,1.116119917540765e-09
pool,MI03,RM15,0.06454346513162909
pool,MI03,RM16,3.305459178394843e-09
pool,MI03,RM17,0
pool,MI03,RM18,0
pool,MI03,RM19,0
pool,MI03,RM20,0
pool,MI03,RM21,0
pool,MI03,RM22,0
pool,MI03,RM23,0
pool,MI03,RM24,0
pool,MI03,RM25,0
pool,MI03,RM26,0
pool,MI03,RM27,0
pool,MI03,RM28,0
pool,MI03,RM29,0
pool,MI03,RM30,0
pool,MI03,RM31,0
pool,MI03,RM32,0
pool,MI04,RM01,0.2151765695773745
pool,MI04,RM02,4.756420778246248e-10
pool,MI04,RM03,5.231343343101733e-10
pool,MI04,RM04,4.189077893989386e-10
pool,MI04,RM05,3.107303129054274e-10
pool,MI04,RM06,1.112513622779766e-09
pool,MI04,RM07,4.947412484586411e-10
pool,MI04,RM08,0.09228639279187925
pool,MI04,RM09,3.5010974171059e-10
pool,MI04,RM10,0.4985239192828169
pool,MI04,RM11,0.04814696657796899
pool,MI04,RM12,0.1458661503184253
pool,MI04,RM13,4.708860871982008e-09
pool,MI04,RM14,3.965427481180685e-10
pool,MI04,RM15,1.232174086315699e-09
pool,MI04,RM16,6.12915648500604e-09
pool,MI04,RM17,0
pool,MI04,RM18,0
pool,MI04,RM19,0
pool,MI04,RM20,0
pool,MI04,RM21,0
pool,MI04,RM22,0
pool,MI04,RM23,0
pool,MI04,RM24,0
pool,MI04,RM25,0
pool,MI04,RM26,0
pool,MI04,RM27,0
pool,MI04,RM28,0
pool,MI04,RM29,0
pool,MI04,RM30,0
pool,MI04,RM31,0
pool,MI04,RM32,0
pool,MI05,RM01,1.6909705758299e-09
pool,MI05,RM02,1.098415278216902e-09
pool,MI05,RM03,1.511686469473941e-09
pool,MI05,RM04,9.671506820232917e-10
pool,MI05,RM05,6.032456123943831e-10
pool,MI05,RM06,0.1228146520404619
pool,MI05,RM07,1.103143240055604e-09
pool,MI05,RM08,0.7814106323313943
pool,MI05,RM09,1.65262253479073e-09
pool,MI05,RM10,5.166361301440905e-09
pool,MI05,RM11,0.01680611430488065
pool,MI05,RM12,1.2336371170148e-08
pool,MI05,RM13,1.233542915636819e-08
pool,MI05,RM14,8.122604994624565e-10
pool,MI05,RM15,0.07896859391291666
pool,MI05,RM16,3.01189905327889e-09
pool,MI05,RM17,0
pool,MI05,RM18,0
pool,MI05,RM19,0
pool,MI05,RM20,0
pool,MI05,RM21,0
pool,MI05,RM22,0
pool,MI05,RM23,0
pool,MI05,RM24,0
pool,MI05,RM25,0
pool,MI05,RM26,0
pool,MI05,RM27,0
pool,MI05,RM28,0
pool,MI05,RM29,0
pool,MI05,RM30,0
pool,MI05,RM31,0
pool,MI05,RM32,0
pool,MI06,RM01,5.80179105062429e-10
pool,MI06,RM02,3.303924502227093e-10
pool,MI06,RM03,3.931498740628196e-10
pool,MI06,RM04,2.796064965615906e-10
pool,MI06,RM05,2.150216753500155e-10
pool,MI06,RM06,9.113143233553885e-10
pool,MI06,RM07,3.791728256547129e-10
pool,MI06,RM08,0.1090239281645641
pool,MI06,RM09,2.052972462058978e-10
pool,MI06,RM10,1.135843693001272e-09
pool,MI06,RM11,0.01356956668548834
pool,MI06,RM12,0.1153101305986019
pool,MI06,RM13,2.762746550185759e-09
pool,MI06,RM14,2.016676274283279e-10
pool,MI06,RM15,0.7620963748112469
pool,MI06,RM16,7.306252964571716e-10
pool,MI06,RM17,0
pool,MI06,RM18,0
pool,MI06,RM19,0
pool,MI06,RM20,0
pool,MI06,RM21,0
pool,MI06,RM22,0
pool,MI06,RM23,0
pool,MI06,RM24,0
pool,MI06,RM25,0
pool,MI06,RM26,0
pool,MI06,RM27,0
pool,MI06,RM28,0
pool,MI06,RM29,0
pool,MI06,RM30,0
pool,MI06,RM31,0
pool,MI06,RM32,0
product,DE01,RM01,0
product,DE01,RM02,0
product,DE01,RM03,0
product,DE01,RM04,0
product,DE01,RM05,0
product,DE01,RM06,0
product,DE01,RM07,0
product,DE01,RM08,0
product,DE01,RM09,0
product,DE01,RM10,0
product,DE01,RM11,0
product,DE01,RM12,0
product,DE01,RM13,0
product,DE01,RM14,0
product,DE01,RM15,0
product,DE01,RM16,0
product,DE01,RM17,0
product,DE01,RM18,0
product,DE01,RM19,0
product,DE01,RM20,0
product,DE01,RM21,0
product,DE01,RM22,0
product,DE01,RM23,0
product,DE01,RM24,0
product,DE01,RM25,0
product,DE01,RM26,0
product,DE01,RM27,0
product,DE01,RM28,0
product,DE01,RM29,0
product,DE01,RM30,0
product,DE01,RM31,0
product,DE01,RM32,0
product,DE01,MI01,6.954358300736985e-05
product,DE01,MI02,0
product,DE01,MI03,0
product,DE01,MI04,0
product,DE01,MI05,0.9999304564169926
product,DE01,MI06,0
product,DE02,RM01,0
product,DE02,RM02,0
product,DE02,RM03,0
product,DE02,RM04,0
product,DE02,RM05,0
product,DE02,RM06,0
product,DE02,RM07,0
product,DE02,RM08,0
product,DE02,RM09,0
product,DE02,RM10,0
product,DE02,RM11,0
product,DE02,RM12,0
product,DE02,RM13,0
product,DE02,RM14,0
product,DE02,RM15,0
product,DE02,RM16,0
product,DE02,RM17,0
product,DE02,RM18,0
product,DE02,RM19,0
product,DE02,RM20,0
product,DE02,RM21,0
product,DE02,RM22,0
product,DE02,RM23,0
product,DE02,RM24,0
product,DE02,RM25,0
product,DE02,RM26,0
product,DE02,RM27,0.001364286504532886
product,DE02,RM28,0
product,DE02,RM29,0
product,DE02,RM30,0
product,DE02,RM31,0
product,DE02,RM32,0.0009912251950088121
product,DE02,MI01,0.464752695105526
product,DE02,MI02,0
product,DE02,MI03,0
product,DE02,MI04,0
product,DE02,MI05,0.5328917931949323
product,DE02,MI06,0
product,DE03,RM01,0
product,DE03,RM02,0
product,DE03,RM03,0
product,DE03,RM04,0
product,DE03,RM05,0
product,DE03,RM06,0
product,DE03,RM07,0
product,DE03,RM08,0
product,DE03,RM09,0
product,DE03,RM10,0
product,DE03,RM11,0
product,DE03,RM12,0
product,DE03,RM13,0
product,DE03,RM14,0
product,DE03,RM15,0
product,DE03,RM16,0
product,DE03,RM17,0
product,DE03,RM18,0
product,DE03,RM19,0
product,DE03,RM20,0
product,DE03,RM21,0
product,DE03,RM22,0
product,DE03,RM23,0
product,DE03,RM24,0
product,DE03,RM25,0
product,DE03,RM26,0
product,DE03,RM27,0.001831352399811318
product,DE03,RM28,0
product,DE03,RM29,0
product,DE03,RM30,0
product,DE03,RM31,0
product,DE03,RM32,0.002961109228282502
product,DE03,MI01,0.8354600409529049
product,DE03,MI02,0.0991020623378626
product,DE03,MI03,0
product,DE03,MI04,0
product,DE03,MI05,0.06064543508113861
product,DE03,MI06,0
product,DE04,RM01,0
product,DE04,RM02,0
product,DE04,RM03,0
product,DE04,RM04,0
product,DE04,RM05,0
product,DE04,RM06,0
product,DE04,RM07,0
product,DE04,RM08,0
product,DE04,RM09,0
product,DE04,RM10,0
product,DE04,RM11,0
product,DE04,RM12,0
product,DE04,RM13,0
product,DE04,RM14,0
product,DE04,RM15,0
product,DE04,RM16,0
product,DE04,RM17,0
product,DE04,RM18,0
product,DE04,RM19,0
product,DE04,RM20,0
product,DE04,RM21,0
product,DE04,RM22,0
product,DE04,RM23,0
product,DE04,RM24,0
product,DE04,RM25,0
product,DE04,RM26,0
product,DE04,RM27,0.001571551165281229
product,DE04,RM28,0
product,DE04,RM29,0
product,DE04,RM30,0
product,DE04,RM31,0
product,DE04,RM32,0.002489031585398824
product,DE04,MI01,0.3610122154378202
product,DE04,MI02,0.3607213861710998
product,DE04,MI03,0
product,DE04,MI04,0
product,DE04,MI05,0.2742058156403999
product,DE04,MI06,0
product,DE05,RM01,0
product,DE05,RM02,0
product,DE05,RM03,0
product,DE05,RM04,0
product,DE05,RM05,0
product,DE05,RM06,0
product,DE05,RM07,0
product,DE05,RM08,0
product,DE05,RM09,0
product,DE05,RM10,0
product,DE05,RM11,0
product,DE05,RM12,0
product,DE05,RM13,0
product,DE05,RM14,0
product,DE05,RM15,0
product,DE05,RM16,0
product,DE05,RM17,0
product,DE05,RM18,0
product,DE05,RM19,0
product,DE05,RM20,0
product,DE05,RM21,0
product,DE05,RM22,0
product,DE05,RM23,0
product,DE05,RM24,0
product,DE05,RM25,0
product,DE05,RM26,0
product,DE05,RM27,8.973130504639662e-05
product,DE05,RM28,0
product,DE05,RM29,0
product,DE05,RM30,0
product,DE05,RM31,0
product,DE05,RM32,0
product,DE05,MI01,0.9137739050848601
product,DE05,MI02,0
product,DE05,MI03,0
product,DE05,MI04,0
product,DE05,MI05,2.332634387809753e-05
product,DE05,MI06,0.0861130372662154
product,DE06,RM01,0
product,DE06,RM02,0
product,DE06,RM03,0
product,DE06,RM04,0
product,DE06,RM05,0
product,DE06,RM06,0
product,DE06,RM07,0
product,DE06,RM08,0
product,DE06,RM09,0
product,DE06,RM10,0
product,DE06,RM11,0
product,DE06,RM12,0
product,DE06,RM13,0
product,DE06,RM14,0
product,DE06,RM15,0
product,DE06,RM16,0
product,DE06,RM17,0
product,DE06,RM18,0
product,DE06,RM19,0
product,DE06,RM20,0
product,DE06,RM21,0
product,DE06,RM22,0
product,DE06,RM23,0
product,DE06,RM24,0
product,DE06,RM25,0
product,DE06,RM26,0
product,DE06,RM27,0
product,DE06,RM28,0
product,DE06,RM29,0
product,DE06,RM30,0
product,DE06,RM31,0
product,DE06,RM32,0.0002814217387641921
product,DE06,MI01,0.5976092042668926
product,DE06,MI02,0.01218674783762875
product,DE06,MI03,0.08867394297449309
product,DE06,MI04,0.0186522972531861
product,DE06,MI05,0.2461449018595112
product,DE06,MI06,0.03645148406952423
product,DE07,RM01,0
product,DE07,RM02,0
product,DE07,RM03,0
product,DE07,RM04,0
product,DE07,RM05,0
product,DE07,RM06,0
product,DE07,RM07,0
product,DE07,RM08,0
product,DE07,RM09,0
product,DE07,RM10,0
product,DE07,RM11,0
product,DE07,RM12,0
product,DE07,RM13,0
product,DE07,RM14,0
product,DE07,RM15,0
product,DE07,RM16,0
product,DE07,RM17,0
product,DE07,RM18,0
product,DE07,RM19,0
product,DE07,RM20,0
product,DE07,RM21,0
product,DE07,RM22,0
product,DE07,RM23,0
product,DE07,RM24,0
product,DE07,RM25,0
product,DE07,RM26,0
product,DE07,RM27,0
product,DE07,RM28,0
product,DE07,RM29,0
product,DE07,RM30,0
product,DE07,RM31,0
product,DE07,RM32,0
product,DE07,MI01,0.925023568818136
product,DE07,MI02,0
product,DE07,MI03,0
product,DE07,MI04,0
product,DE07,MI05,0.02131376628271352
product,DE07,MI06,0.05366266489915056
product,DE08,RM01,0
product,DE08,RM02,0
product,DE08,RM03,0
product,DE08,RM04,0
product,DE08,RM05,0
product,DE08,RM06,0
product,DE08,RM07,0
product,DE08,RM08,0
product,DE08,RM09,0
product,DE08,RM10,0
product,DE08,RM11,0
product,DE08,RM12,0
product,DE08,RM13,0
product,DE08,RM14,0
product,DE08,RM15,0
product,DE08,RM16,0
product,DE08,RM17,0
product,DE08,RM18,0
product,DE08,RM19,0
product,DE08,RM20,0
product,DE08,RM21,0
product,DE08,RM22,0
product,DE08,RM23,0
product,DE08,RM24,0
product,DE08,RM25,0
product,DE08,RM26,0
product,DE08,RM27,0
product,DE08,RM28,0
product,DE08,RM29,0
product,DE08,RM30,0
product,DE08,RM31,0
product,DE08,RM32,0.002429621877748085
product,DE08,MI01,0.5909203941563133
product,DE08,MI02,0.1414467343473602
product,DE08,MI03,0.1469806551137681
product,DE08,MI04,0.0352518452411798
product,DE08,MI05,0.08297074926363061
product,DE08,MI06,0
product,DE09,RM01,0
product,DE09,RM02,0
product,DE09,RM03,0
product,DE09,RM04,0
product,DE09,RM05,0
product,DE09,RM06,0
product,DE09,RM07,0
product,DE09,RM08,0
product,DE09,RM09,0
product,DE09,RM10,0
product,DE09,RM11,0
product,DE09,RM12,0
product,DE09,RM13,0
product,DE09,RM14,0
product,DE09,RM15,0
product,DE09,RM16,0
product,DE09,RM17,0
product,DE09,RM18,0
product,DE09,RM19,0
product,DE09,RM20,0
product,DE09,RM21,0
product,DE09,RM22,0
product,DE09,RM23,0
product,DE09,RM24,0
product,DE09,RM25,0
product,DE09,RM26,0
product,DE09,RM27,0.0003173933326845376
product,DE09,RM28,0
product,DE09,RM29,0
product,DE09,RM30,0
product,DE09,RM31,0
product,DE09,RM32,0.001423220197616811
product,DE09,MI01,0.07541270438467793
product,DE09,MI02,0.2805887903598975
product,DE09,MI03,0.5255396962997999
product,DE09,MI04,0
product,DE09,MI05,0.1167181954253233
product,DE09,MI06,0
product,DE10,RM01,0
product,DE10,RM02,0
product,DE10,RM03,0
product,DE10,RM04,0
product,DE10,RM05,0
product,DE10,RM06,0
product,DE10,RM07,0
product,DE10,RM08,0
product,DE10,RM09,0
product,DE10,RM10,0
product,DE10,RM11,0
product,DE10,RM12,0
product,DE10,RM13,0
product,DE10,RM14,0
product,DE10,RM15,0
product,DE10,RM16,0
product,DE10,RM17,0
product,DE10,RM18,0
product,DE10,RM19,0
product,DE10,RM20,0
product,DE10,RM21,0
product,DE10,RM22,0
product,DE10,RM23,0
product,DE10,RM24,0
product,DE10,RM25,0
product,DE10,RM26,0
product,DE10,RM27,0.001228175902248646
product,DE10,RM28,0
product,DE10,RM29,0
product,DE10,RM30,0
product,DE10,RM31,0
product,DE10,RM32,0
product,DE10,MI01,0.5390098400850927
product,DE10,MI02,0.2034936677707706
product,DE10,MI03,0.001746627293794723
product,DE10,MI04,0
product,DE10,MI05,0.1860670164195675
product,DE10,MI06,0.06845467252852566
product,DE11,RM01,0
product,DE11,RM02,0
product,DE11,RM03,0
product,DE11,RM04,0
product,DE11,RM05,0
product,DE11,RM06,0
product,DE11,RM07,0
product,DE11,RM08,0
product,DE11,RM09,0
product,DE11,RM10,0
product,DE11,RM11,0
product,DE11,RM12,0
product,DE11,RM13,0
product,DE11,RM14,0
product,DE11,RM15,0
product,DE11,RM16,0
product,DE11,RM17,0
product,DE11,RM18,0
product,DE11,RM19,0
product,DE11,RM20,0
product,DE11,RM21,0
product,DE11,RM22,0.006879191585638435
product,DE11,RM23,0.7356403658658568
product,DE11,RM24,0.2075961173669838
product,DE11,RM25,0
product,DE11,RM26,0.02950904295940028
product,DE11,RM27,0.01849453972718718
product,DE11,RM28,0
product,DE11,RM29,0
product,DE11,RM30,0
product,DE11,RM31,0
product,DE11,RM32,0.00188074249493354
product,DE11,MI01,0
product,DE11,MI02,0
product,DE11,MI03,0
product,DE11,MI04,0
product,DE11,MI05,0
product,DE11,MI06,0
product,DE12,RM01,0
product,DE12,RM02,0
product,DE12,RM03,0
product,DE12,RM04,0
product,DE12,RM05,0
product,DE12,RM06,0
product,DE12,RM07,0
product,DE12,RM08,0
product,DE12,RM09,0
product,DE12,RM10,0
product,DE12,RM11,0
product,DE12,RM12,0
product,DE12,RM13,0
product,DE12,RM14,0
product,DE12,RM15,0
product,DE12,RM16,0
product,DE12,RM17,0
product,DE12,RM18,0
product,DE12,RM19,0
product,DE12,RM20,0
product,DE12,RM21,0
product,DE12,RM22,0
product,DE12,RM23,0
product,DE12,RM24,0
product,DE12,RM25,0
product,DE12,RM26,1.571532575720786e-05
product,DE12,RM27,0
product,DE12,RM28,0
product,DE12,RM29,0
product,DE12,RM30,0
product,DE12,RM31,9.853306296966261e-05
product,DE12,RM32,0
product,DE12,MI01,0.03169060059261835
product,DE12,MI02,0.4558855838781536
product,DE12,MI03,0.5123095671405014
product,DE12,MI04,0
product,DE12,MI05,0
product,DE12,MI06,0
product,DE13,RM01,0
product,DE13,RM02,0
product,DE13,RM03,0
product,DE13,RM04,0
product,DE13,RM05,0
product,DE13,RM06,0
product,DE13,RM07,0
product,DE13,RM08,0
product,DE13,RM09,0
product,DE13,RM10,0
product,DE13,RM11,0
product,DE13,RM12,0
product,DE13,RM13,0
product,DE13,RM14,0
product,DE13,RM15,0
product,DE13,RM16,0
product,DE13,RM17,0
product,DE13,RM18,0
product,DE13,RM19,0
product,DE13,RM20,0
product,DE13,RM21,0
product,DE13,RM22,0
product,DE13,RM23,0
product,DE13,RM24,0
product,DE13,RM25,0
product,DE13,RM26,0
product,DE13,RM27,0.000257237948487681
product,DE13,RM28,0
product,DE13,RM29,0
product,DE13,RM30,0
product,DE13,RM31,0
product,DE13,RM32,0
product,DE13,MI01,0.4654435762081672
product,DE13,MI02,0.3194345510096614
product,DE13,MI03,0
product,DE13,MI04,0.04108305999871315
product,DE13,MI05,0.163767592328067
product,DE13,MI06,0.01001398250690364
product,DE14,RM01,0
product,DE14,RM02,0
product,DE14,RM03,0
product,DE14,RM04,0
product,DE14,RM05,0
product,DE14,RM06,0
product,DE14,RM07,0
product,DE14,RM08,0
product,DE14,RM09,0
product,DE14,RM10,0
product,DE14,RM11,0
product,DE14,RM12,0
product,DE14,RM13,0
product,DE14,RM14,0
product,DE14,RM15,0
product,DE14,RM16,0
product,DE14,RM17,0
product,DE14,RM18,0
product,DE14,RM19,0
product,DE14,RM20,0
product,DE14,RM21,0
product,DE14,RM22,0
product,DE14,RM23,0
product,DE14,RM24,0
product,DE14,RM25,0
product,DE14,RM26,0
product,DE14,RM27,0.0004670989401641116
product,DE14,RM28,0
product,DE14,RM29,0
product,DE14,RM30,0
product,DE14,RM31,0
product,DE14,RM32,0
product,DE14,MI01,0.4173255504865946
product,DE14,MI02,0.469537068804985
product,DE14,MI03,0
product,DE14,MI04,0.03904584950647631
product,DE14,MI05,0.07362443226178003
product,DE14,MI06,0
product,DE15,RM01,0
product,DE15,RM02,0
product,DE15,RM03,0
product,DE15,RM04,0
product,DE15,RM05,0
product,DE15,RM06,0
product,DE15,RM07,0
product,DE15,RM08,0
product,DE15,RM09,0
product,DE15,RM10,0
product,DE15,RM11,0
product,DE15,RM12,0
product,DE15,RM13,0
product,DE15,RM14,0
product,DE15,RM15,0
product,DE15,RM16,0
product,DE15,RM17,0
product,DE15,RM18,0
product,DE15,RM19,0
product,DE15,RM20,0
product,DE15,RM21,0.05450633453612055
product,DE15,RM22,0
product,DE15,RM23,0.7066646633256261
product,DE15,RM24,0
product,DE15,RM25,0.1995146390871212
product,DE15,RM26,0.02115311376706476
product,DE15,RM27,0.01791732591130718
product,DE15,RM28,0
product,DE15,RM29,0
product,DE15,RM30,0
product,DE15,RM31,0
product,DE15,RM32,0.0002439233727602657
product,DE15,MI01,0
product,DE15,MI02,0
product,DE15,MI03,0
product,DE15,MI04,0
product,DE15,MI05,0
product,DE15,MI06,0
product,DE16,RM01,0
product,DE16,RM02,0
product,DE16,RM03,0
product,DE16,RM04,0
product,DE16,RM05,0
product,DE16,RM06,0
product,DE16,RM07,0
product,DE16,RM08,0
product,DE16,RM09,0
product,DE16,RM10,0
product,DE16,RM11,0
product,DE16,RM12,0
product,DE16,RM13,0
product,DE16,RM14,0
product,DE16,RM15,0
product,DE16,RM16,0
product,DE16,RM17,0
product,DE16,RM18,0
product,DE16,RM19,0
product,DE16,RM20,0
product,DE16,RM21,0
product,DE16,RM22,0
product,DE16,RM23,0.9381472651942475
product,DE16,RM24,0
product,DE16,RM25,0
product,DE16,RM26,0
product,DE16,RM27,0.02084392519388933
product,DE16,RM28,0.006020039491510115
product,DE16,RM29,0
product,DE16,RM30,0
product,DE16,RM31,0
product,DE16,RM32,0.0004434614802277719
product,DE16,MI01,0
product,DE16,MI02,0
product,DE16,MI03,0
product,DE16,MI04,0
product,DE16,MI05,0
product,DE16,MI06,0.03454530864012529
product,DE17,RM01,0
product,DE17,RM02,0
product,DE17,RM03,0
product,DE17,RM04,0
product,DE17,RM05,0
product,DE17,RM06,0
product,DE17,RM07,0
product,DE17,RM08,0
product,DE17,RM09,0
product,DE17,RM10,0
product,DE17,RM11,0
product,DE17,RM12,0
product,DE17,RM13,0
product,DE17,RM14,0
product,DE17,RM15,0
product,DE17,RM16,0
product,DE17,RM17,0
product,DE17,RM18,0
product,DE17,RM19,0
product,DE17,RM20,0
product,DE17,RM21,0
product,DE17,RM22,0
product,DE17,RM23,0
product,DE17,RM24,0
product,DE17,RM25,0
product,DE17,RM26,0
product,DE17,RM27,0
product,DE17,RM28,0
product,DE17,RM29,0
product,DE17,RM30,0
product,DE17,RM31,0
product,DE17,RM32,0
product,DE17,MI01,0.358896689156386
product,DE17,MI02,1.685829525716898e-05
product,DE17,MI03,0.3519874648236122
product,DE17,MI04,0.07781318598935712
product,DE17,MI05,0.1200834531119689
product,DE17,MI06,0.09120234862341858
product,DE18,RM01,0
product,DE18,RM02,0
product,DE18,RM03,0
product,DE18,RM04,0
product,DE18,RM05,0
product,DE18,RM06,0
product,DE18,RM07,0
product,DE18,RM08,0
product,DE18,RM09,0
product,DE18,RM10,0
product,DE18,RM11,0
product,DE18,RM12,0
product,DE18,RM13,0
product,DE18,RM14,0
product,DE18,RM15,0
product,DE18,RM16,0
product,DE18,RM17,0
product,DE18,RM18,0
product,DE18,RM19,0
product,DE18,RM20,0
product,DE18,RM21,0
product,DE18,RM22,0
product,DE18,RM23,0
product,DE18,RM24,0
product,DE18,RM25,0
product,DE18,RM26,0
product,DE18,RM27,0.004182758995908129
product,DE18,RM28,0
product,DE18,RM29,0
product,DE18,RM30,0
product,DE18,RM31,0
product,DE18,RM32,0
product,DE18,MI01,2.523908980077134e-05
product,DE18,MI02,0.05266574461373185
product,DE18,MI03,0.7538856319109338
product,DE18,MI04,0.1837101014469983
product,DE18,MI05,0.005520894909258169
product,DE18,MI06,9.629033368932314e-06
product,DE19,RM01,0
product,DE19,RM02,0
product,DE19,RM03,0
product,DE19,RM04,0
product,DE19,RM05,0
product,DE19,RM06,0
product,DE19,RM07,0
product,DE19,RM08,0
product,DE19,RM09,0
product,DE19,RM10,0
product,DE19,RM11,0
product,DE19,RM12,0
product,DE19,RM13,0
product,DE19,RM14,0
product,DE19,RM15,0
product,DE19,RM16,0
product,DE19,RM17,0
product,DE19,RM18,0
product,DE19,RM19,0
product,DE19,RM20,0
product,DE19,RM21,0
product,DE19,RM22,0
product,DE19,RM23,0
product,DE19,RM24,0
product,DE19,RM25,0
product,DE19,RM26,0
product,DE19,RM27,0.004608821813408572
product,DE19,RM28,0
product,DE19,RM29,0
product,DE19,RM30,0
product,DE19,RM31,0
product,DE19,RM32,0
product,DE19,MI01,0.2846300779353719
product,DE19,MI02,0.1640412535430395
product,DE19,MI03,0.2302911384841514
product,DE19,MI04,0.09332258956622766
product,DE19,MI05,0.1350162168879331
product,DE19,MI06,0.08808990176986792
product,DE20,RM01,0
product,DE20,RM02,0
product,DE20,RM03,0
product,DE20,RM04,0
product,DE20,RM05,0
product,DE20,RM06,0
product,DE20,RM07,0
product,DE20,RM08,0
product,DE20,RM09,0
product,DE20,RM10,0
product,DE20,RM11,0
product,DE20,RM12,0
product,DE20,RM13,0
product,DE20,RM14,0
product,DE20,RM15,0
product,DE20,RM16,0
product,DE20,RM17,0
product,DE20,RM18,0
product,DE20,RM19,0
product,DE20,RM20,0
product,DE20,RM21,0
product,DE20,RM22,0
product,DE20,RM23,0
product,DE20,RM24,0
product,DE20,RM25,0
product,DE20,RM26,0
product,DE20,RM27,0.0004120662474836373
product,DE20,RM28,0
product,DE20,RM29,0
product,DE20,RM30,0
product,DE20,RM31,0
product,DE20,RM32,0
product,DE20,MI01,0.2388884142097491
product,DE20,MI02,0.06416051923035472
product,DE20,MI03,0.5317698769342963
product,DE20,MI04,0.1350739001655956
product,DE20,MI05,0
product,DE20,MI06,0.02969522321252064
product,DE21,RM01,0
product,DE21,RM02,0
product,DE21,RM03,0
product,DE21,RM04,0
product,DE21,RM05,0
product,DE21,RM06,0
product,DE21,RM07,0
product,DE21,RM08,0
product,DE21,RM09,0
product,DE21,RM10,0
product,DE21,RM11,0
product,DE21,RM12,0
product,DE21,RM13,0
product,DE21,RM14,0
product,DE21,RM15,0
product,DE21,RM16,0
product,DE21,RM17,0
product,DE21,RM18,0
product,DE21,RM19,0
product,DE21,RM20,0
product,DE21,RM21,0.09859061309805306
product,DE21,RM22,0
product,DE21,RM23,0.7655472981948249
product,DE21,RM24,0
product,DE21,RM25,0
product,DE21,RM26,0
product,DE21,RM27,0.01624055967366715
product,DE21,RM28,0
product,DE21,RM29,0
product,DE21,RM30,0.03095139406625833
product,DE21,RM31,0
product,DE21,RM32,0.0007804772669259962
product,DE21,MI01,0
product,DE21,MI02,0
product,DE21,MI03,0
product,DE21,MI04,0.08788965770027041
product,DE21,MI05,0
product,DE21,MI06,0
product,DE22,RM01,0
product,DE22,RM02,0
product,DE22,RM03,0
product,DE22,RM04,0
product,DE22,RM05,0
product,DE22,RM06,0
product,DE22,RM07,0
product,DE22,RM08,0
product,DE22,RM09,0
product,DE22,RM10,0
product,DE22,RM11,0
product,DE22,RM12,0
product,DE22,RM13,0
product,DE22,RM14,0
product,DE22,RM15,0
product,DE22,RM16,0
product,DE22,RM17,0
product,DE22,RM18,0
product,DE22,RM19,0
product,DE22,RM20,0
product,DE22,RM21,0
product,DE22,RM22,0
product,DE22,RM23,0
product,DE22,RM24,0
product,DE22,RM25,0
product,DE22,RM26,0
product,DE22,RM27,0.0004698150108225232
product,DE22,RM28,0
product,DE22,RM29,0
product,DE22,RM30,0
product,DE22,RM31,0
product,DE22,RM32,0
product,DE22,MI01,0.143611037497129
product,DE22,MI02,0.3503959431925118
product,DE22,MI03,0.1105224756963861
product,DE22,MI04,0.09633060502433978
product,DE22,MI05,0.2088703882950042
product,DE22,MI06,0.08979973528380668
product,DE23,RM01,0
product,DE23,RM02,0
product,DE23,RM03,0
product,DE23,RM04,0
product,DE23,RM05,0
product,DE23,RM06,0
product,DE23,RM07,0
product,DE23,RM08,0
product,DE23,RM09,0
product,DE23,RM10,0
product,DE23,RM11,0
product,DE23,RM12,0
product,DE23,RM13,0
product,DE23,RM14,0
product,DE23,RM15,0
product,DE23,RM16,0
product,DE23,RM17,0
product,DE23,RM18,0
product,DE23,RM19,0
product,DE23,RM20,0
product,DE23,RM21,0.03939633255905157
product,DE23,RM22,0
product,DE23,RM23,0.8428580799010111
product,DE23,RM24,0
product,DE23,RM25,0
product,DE23,RM26,0.08043737957205462
product,DE23,RM27,0.02529026004870413
product,DE23,RM28,0
product,DE23,RM29,0.01135885688151597
product,DE23,RM30,0
product,DE23,RM31,0
product,DE23,RM32,0.0006590910376626695
product,DE23,MI01,0
product,DE23,MI02,0
product,DE23,MI03,0
product,DE23,MI04,0
product,DE23,MI05,0
product,DE23,MI06,0
product,DE24,RM01,0
product,DE24,RM02,0
product,DE24,RM03,0
product,DE24,RM04,0
product,DE24,RM05,0
product,DE24,RM06,0
product,DE24,RM07,0
product,DE24,RM08,0
product,DE24,RM09,0
product,DE24,RM10,0
product,DE24,RM11,0
product,DE24,RM12,0
product,DE24,RM13,0
product,DE24,RM14,0
product,DE24,RM15,0
product,DE24,RM16,0
product,DE24,RM17,0
product,DE24,RM18,0
product,DE24,RM19,0
product,DE24,RM20,0
product,DE24,RM21,0
product,DE24,RM22,0
product,DE24,RM23,0
product,DE24,RM24,0
product,DE24,RM25,0
product,DE24,RM26,0
product,DE24,RM27,0.001893295262022968
product,DE24,RM28,0
product,DE24,RM29,0
product,DE24,RM30,0
product,DE24,RM31,0
product,DE24,RM32,0
product,DE24,MI01,0.00189240800584354
product,DE24,MI02,0.6112288459182935
product,DE24,MI03,0.01406394045852864
product,DE24,MI04,0.146937370011545
product,DE24,MI05,0.1932891667306579
product,DE24,MI06,0.03069497361310868
product,DE25,RM01,0
product,DE25,RM02,0
product,DE25,RM03,0
product,DE25,RM04,0
product,DE25,RM05,0
product,DE25,RM06,0
product,DE25,RM07,0
product,DE25,RM08,0
product,DE25,RM09,0
product,DE25,RM10,0
product,DE25,RM11,0
product,DE25,RM12,0
product,DE25,RM13,0
product,DE25,RM14,0
product,DE25,RM15,0
product,DE25,RM16,0
product,DE25,RM17,0
product,DE25,RM18,0
product,DE25,RM19,0
product,DE25,RM20,0
product,DE25,RM21,0
product,DE25,RM22,0
product,DE25,RM23,0
product,DE25,RM24,0
product,DE25,RM25,0
product,DE25,RM26,0
product,DE25,RM27,0
product,DE25,RM28,0
product,DE25,RM29,0
product,DE25,RM30,0
product,DE25,RM31,0
product,DE25,RM32,0
product,DE25,MI01,0.0407138393559382
product,DE25,MI02,0.5491656132114092
product,DE25,MI03,0.09031551484006135
product,DE25,MI04,0.1583279350325413
product,DE25,MI05,0.1514746217353301
product,DE25,MI06,0.01000247582472041
