instance,paper_best_known,our_best_feasible,gap_percent,within_0.2_percent,status
af-1,296.44604,296.45137545173077,0.0018,TRUE,done
af-2,239334.02,240643.38923813993,0.5471,FALSE,done
af-4,186097.11,187234.90311941988,0.6114,FALSE,done
af-5,124003.48,124079.6395,0.0614,TRUE,done
af-6,3074.23,3078.9477568396724,0.1535,TRUE,done
af-6-fs,2921.3,,,,pending
af-7,151381.81,209174.85142391577,38.177,FALSE,done
af-7b,147285.0,154069.10689516808,4.6061,FALSE,running
af-7b-fs,130290.06,130333.06918665547,0.033,TRUE,done
